1,91b54993-3f15-422a-9568-511bdf50bec3
2,5d84e1b3-ef52-408d-874f-0fc2dba9336e
3,8baa2b01-42e9-4794-8df1-5542f579868b
4,3aba8995-b0be-4ef4-9693-af500c3c13a9
5,a3d0cb01-f049-490d-b689-8e34f19a124c
6,45874625-7dab-4723-bd4b-dc7c8bcc9a9d
7,45874625-7dab-4723-bd4b-dc7c8bcc9a9d
8,07f2cd7e-46ac-4d6a-9cdd-996d3a7e72f9
9,44c7e714-dba6-4c43-8ba9-1503691800df
10,a3f1d0a6-518d-4d38-aa6e-f7e0da49881a
11,6bf9f7b0-08f7-44f0-94f1-facf8a941cc6
12,5cd42cad-25bd-4339-8a70-6ed94167af08
13,772bb847-9010-4ff2-ac4f-a45357a83978
14,6f9b99cf-ea64-4b08-9227-0f8a752b69c0
15,7081c953-2514-407d-aa65-346d5534ef6f
16,2d076250-1255-4cd4-b415-c5023450bf48
17,46a85453-9a9c-438d-afcd-b83cb80c50a1
18,3df6e860-3776-45a9-85f8-03111928f0fd
19,bfe7de36-a6af-4b01-9e37-16fc687f714d
20,04925d05-4dba-4fd0-9d4e-2cd71590fcde
21,0b2dc86b-7130-4aa4-9daf-42628793df78
22,29a9e1f6-c721-4527-b004-bb6a9c61f638
23,06131588-a8c2-4f62-871e-1f23143cc3dc
24,b53008b0-0a41-4576-9be9-f8452da06726
25,b32d4fb8-e836-4e07-85cb-44f16cfffd26
26,009306f9-e55a-4889-849d-16d8e7b1a420
27,36b93e66-2cdb-4859-8ed9-e2796bd522dd
28,0a3ccd26-d16d-4811-a4d3-3463bcbbfa96
29,19355ba6-a24f-4bc0-b376-6bb2c72c04ea
30,d761d800-d933-4052-9de1-6c1359756b0b
31,e6f46d01-0145-463b-8215-50222810f72e
32,af1adb9a-54d9-48e9-adff-b098101e3ad8
33,7e345f16-eea0-40f1-847d-c16c9cdb1edc
34,e395e3b0-b1ee-46b4-ad7d-9876bfedfdb9
35,e395e3b0-b1ee-46b4-ad7d-9876bfedfdb9
36,cc7b8bc1-7b8f-4b62-967c-c409e3c8102c
37,2103fe89-40ec-4869-8654-28e761c26f14
38,0125ee1f-9d1d-4261-9055-7e63b03b068b
39,1b83c7af-47cf-4f07-84ae-f1e0cd348a43
40,7f30c0cd-6e56-44f8-8b25-bb0b1c4f14e6
41,8191bca1-7604-482c-be72-7d1dc89338a8
42,730dd5a1-24b7-424a-a139-70cefb34fe72
43,22fe9563-02e6-4e4d-898a-971b93036977
44,fe1126ff-2b2f-48d9-882c-e42af8dc713c
45,741c92c4-c316-46a9-a0a5-519f96f6d72c
46,1b46b9d4-2975-401b-a6a0-80e9bc920588
47,c85fba16-d35b-4208-bb7a-9e86bf7df0a8
48,6b87f4d4-dd88-4dc5-b33e-49aa20f739b5
49,a3d0cb01-f049-490d-b689-8e34f19a124c
50,88308eb5-d784-404a-ae52-2977a305ba62